S? v?n ??n,S? Container,S? seal
A075A01459,BSIU9182264,IAAC065086
A075A01459,CAIU8990771,IAAC060923
A075A01459,CAXU8164982,IAAC063837
A075A01459,CAXU9393005,IAAC060906
A075A01459,CRSU9140925,IAAC063909
A075A01459,FCIU8275642,IAAC063831
A075A01459,FCIU8880941,IAAC063996
A075A01459,FSCU9907835,IAAC060882
A075A01459,GESU5349089,IAAC063869
A075A01459,GLDU7214772,IAAC060970
A075A01459,GLDU7573772,IAAC060787
A075A01459,IAAU1680740,IAAC060824
A075A01459,IAAU1683502,IAAC060915
A075A01459,IAAU1684263,IAAC060934
A075A01459,IAAU1684469,IAAC060753
A075A01459,IAAU1692340,IAAC060907
A075A01459,TCLU5239001,IAAC060888
A075A01459,TCNU7581366,IAAC060901
A075A01459,TCNU7703947,IAAC063991
A075A01459,TCNU7877390,IAAC060894
A075A01459,TCNU7879896,IAAC063820
A075A01459,TEMU6973552,IAAC061668
A075A01459,TRLU6832094,IAAC060778
